Workbook

Sheet Sumário
A1: EVM-Ágil — AnatoQuizUp | 2026.1
A2: Professor: Hilmer Neri | Período: 17/03/2026 – 31/05/2026 | 12 membros | R$ 20,00/hora
A4: Releases | B4: Pontuação (PRP) | C4: Início | D4: Fim | E4: Custo (R$)
A5: R1 | B5: =SUM('EVM - Valor agregado'!H2:H4) -> 20 | C5: 46100 | D5: 46139 | E5: ='EVM - Valor agregado'!R4
A6: R2 | B6: =SUM('EVM - Valor agregado'!H5:H7) -> 0 | C6: 46140 | D6: 46167 | E6: ='EVM - Valor agregado'!R7
A7: R3 | B7: =SUM('EVM - Valor agregado'!H8:H10) -> 0 | C7: 46168 | D7: 46202 | E7: ='EVM - Valor agregado'!R10
A10: Parâmetros do Projeto
A11: Sprints planejadas (R1) | B11: 3
A12: Pontos totais planejados (R1) | B12: =SUM(B5:B7) -> 20
A13: BAC — Orçamento total do projeto (R$) | B13: 52800
A14: Custo por hora (R$) | B14: 20
A15: Número de membros | B15: 12
A16: Horas/semana por membro | B16: 20
A17: Semanas totais (19/04–29/06) | B17: 10

Sheet EVM - Valor agregado
A1: Release | B1: PRP | C1: Sprint | D1: Início | E1: Fim | F1: US's / Tarefas | G1: PP (Pts Plan.) | H1: PC (Pts Conc.) | I1: PA (Pts Adic.) | J1: PRP Acum. | K1: RPC Acum. | L1: APC (% Real) | M1: PPC (% Plan.) | N1: PV (R$) | O1: BAC (R$) | P1: SC (R$) | Q1: AC (R$) | R1: EV (R$) | S1: CV (R$) | T1: SV (R$) | U1: CPI | V1: SPI | W1: ETC (R$) | X1: EAC (R$)
A2: R1 | B2: =SUM(G2) -> 130 | C2: 1 | D2: 46131 | E2: 46139 | F2: US01-US08 TASK09-TASK16 | G2: 130 | H2: 20 | I2: 0 | J2: =SUM(G$2:G2)+SUM(I2) -> 130 | K2: =SUM(H$2:H2) -> 20 | L2: =IF(J2=0,0,K2/J2) -> 0.15384615 | M2: =3/3 -> 1 | N2: =M2*O2 -> 52800 | O2: 52800 | P2: 1280 | Q2: =SUM(P$2:P2) -> 1280 | R2: =IF(O2=0,0,L2/J2*O2) -> 62.485207 | S2: =R2-Q2 -> -1217.5148 | T2: =R2-N2 -> -52737.515 | U2: =IF(Q2=0,0,R2/Q2) -> 0.048816568 | V2: =IF(N2=0,0,R2/N2) -> 0.001183432 | W2: =IF(U2=0,0,(1/U2)*(O2-R2)) -> 1080320 | X2: =Q2+W2 -> 1081600

Sheet Matriz de Riscos
A1: Matriz de Riscos — R1
A2: P e I: escala 1 (baixa) a 5 (alta). Score = P × I. Riscos >= 16 têm plano detalhado.
A4: # | B4: Risco | C4: Categoria | D4: Prob | E4: Imp | F4: Score | G4: Estratégia | H4: Plano de Resposta
A5: R01 | B5: Mudanças tardias de escopo pelos POs | C5: Cliente | D5: 2 | E5: 4 | F5: =D5*E5 -> 8 | G5: Mitigar | H5: PDF deixa claro escopo R1. Alteração só entra na R2. Registrar como decisão em MD.
A6: R02 | B6: Membros do time inativos no WhatsApp / sumindo | C6: Equipe | D6: 4 | E6: 4 | F6: =D6*E6 -> 16 | G6: Mitigar | H6: Nunca alocar crítico exclusivamente a desengajado. Pareamento obrigatório. Daily cobra progresso.
A7: R03 | B7: Ausências por feriados, viagens ou outras disciplinas | C7: Equipe | D7: 5 | E7: 3 | F7: =D7*E7 -> 15 | G7: Mitigar | H7: Levantar disponibilidade individual no início.
A8: R04 | B8: Deploy em produção quebra perto da entrega (27/04) | C8: Técnico | D8: 2 | E8: 5 | F8: =D8*E8 -> 10 | G8: Mitigar | H8: Hello world deployado dia 19/04. Deploy intermediário a cada minor release.
A9: R05 | B9: Cobertura de testes não atinge 85% (CI bloqueia merge) | C9: Qualidade | D9: 4 | E9: 4 | F9: =D9*E9 -> 16 | G9: Mitigar | H9: Branch protection bloqueia merge <85% desde PR #1.
A10: R06 | B10: Mudança de SSO para SIAPE atrasou | C10: Escopo | D10: 2 | E10: 4 | F10: =D10*E10 -> 8 | G10: Aceitar | H10: Decisão fechada documentada em MD. Cadeado de escopo na R1. Qualquer rediscussão entra como débito para R2.
A11: R07 | B11: Docker no Windows com problemas de configuração | C11: Infra | D11: 3 | E11: 2 | F11: =D11*E11 -> 6 | G11: Mitigar | H11: Time se ajuda no Discord. Setup documentado em README do back.
A12: R08 | B12: PR não revisado a tempo (gargalo na review) | C12: Processo | D12: 4 | E12: 3 | F12: =D12*E12 -> 12 | G12: Mitigar | H12: Avisar abertura de PR no whatsapp, board segue o fluxo de direita pra esquerda para dar prioridade a reviews.
A13: R09 | B13: Conflitos de merge complexos com 4 duplas paralelas | C13: Técnico | D13: 3 | E13: 3 | F13: =D13*E13 -> 9 | G13: Mitigar | H13: Branches curtas (máx 2 dias). Rebase frequente da main.
A14: R10 | B14: Discrepância PT-BR vs EN entre back e front gera bugs | C14: Técnico | D14: 3 | E14: 3 | F14: =D14*E14 -> 9 | G14: Mitigar | H14: Checklist no template de PR. Refator imediato se encontrar mistura.
A15: R11 | B15: Protótipos atrasarem e bloquearem devs frontend | C15: Processo | D15: 3 | E15: 4 | F15: =D15*E15 -> 12 | G15: Mitigar | H15: Check diário
A16: R12 | B16: Mocks no authService não removidos antes da entrega | C16: Técnico | D16: 3 | E16: 3 | F16: =D16*E16 -> 9 | G16: Mitigar | H16: Flag VITE_USAR_MOCKS=true/false desde o início. Item explícito no checklist de pré-deploy: garantir flag false em produção.
... A22: R18 | B22: Funcionalidade de email cair em produção (Resend/Gmail bloqueando) | C22: Técnico | D22: 2 | E22: 3 | F22: =D22*E22 -> 6 | G22: Mitigar | H22: Spike TASK06 escolhe provedor confiável. Provedor secundário configurado mas inativo como fallback. Logar todos os envios.
A23: R19
A24: R20
A25: R21
A26: R22
A27: R23
A28: R24
B31: Legenda do Score
B32: Score >= 16 — Crítico (plano detalhado)
B33: Score 9-15 — Atenção
B34: Score <= 8 — Baixo

Sheet Indices e Burndown
A1: Date | B1: Total | C1: Remaining | D1: Completed | E1: Ideal | F1: Issues Completed
A2: 46131 | B2: 77 | C2: 77 | D2: 0 | E2: 0.00
A3: 46132 | B3: 77 | C3: 77 | D3: 0 | E3: 15.40
A4: 46133 | B4: 77 | C4: 77 | D4: 0 | E4: 30.80
A5: 46134 | B5: 77 | C5: 77 | D5: 0 | E5: 46.20
A6: 46135 | B6: 77 | C6: 70 | D6: 7 | E6: 61.60 | F6: 113,119,3,9,16
A7: 46136 | B7: 77 | C7: 70 | D7: 7 | E7: 77.00
A8: 46137 | B8: 77 | C8: 64 | D8: 13 | E8: 77.00 | F8: 39937

Sheet Velocity
A1: Velocity — AnatoQuizUp R1
A2: Sprint | B2: PP (Pontos Planejados) | C2: PC (Pontos Concluídos) | D2: Velocity | E2: Velocity Média
A3: 1 | B3: ='EVM - Valor agregado'!G2 -> 130 | C3: ='EVM - Valor agregado'!H2 -> 20 | D3: =C3 -> 20 | E3: =SUM(D$3:D4)/A3 -> 20

Sheet Custo
A1: Registro de Custo Real (CR) por Membro — R1
A2: Membro | B2: Horas (R1) | C2: Custo R1 (R$) | D2: Obs.
A3: Arthur Carneiro Trindade | B3: 8 | C3: =B3*20 -> 160
A4: Miguel Moreira de Oliveira | B4: 9 | C4: =B4*20 -> 180
A5: Breno Soares Fernandes | B5: 5 | C5: =B5*20 -> 100
A6: Ana Catarina Lopes e Vasconcelos | B6: 4 | C6: =B6*20 -> 80
A7: Victor Hugo Rodrigues Guimarães | B7: 3 | C7: =B7*20 -> 60
A8: Pedro Cabeceira de Freitas | B8: 6 | C8: =B8*20 -> 120
A9: Kathlyn Lara Murussi | B9: 0 | C9: =B9*20 -> 0 | D9: ⚠ Sem registro
A10: Maria Luisa Alves Rodrigues | B10: 6.5 | C10: =B10*20 -> 130
A11: Caio Brandão Santos | B11: 0 | C11: =B11*20 -> 0 | D11: ⚠ Sem registro
A12: João Vitor Lopes Ribeiro | B12: 7 | C12: =B12*20 -> 140
A13: Genilson Silva de Araújo Júnior | B13: 0 | C13: =B13*20 -> 0 | D13: ⚠ Sem registro
A14: Bruno Ricardo de Menezes | B14: 16 | C14: =B14*20 -> 320
A15: TOTAL | B15: =SUM(B3:B14) -> 64.5 | C15: =SUM(C3:C14) -> 1290

Sheet Sonar
A1: repository | B1: datetime | C1: version | D1: ncloc | E1: complexity | F1: comments | G1: duplication | H1: test_success | I1: fast_tests | J1: coverage | K1: code_quality | L1: testing_status | M1: Maintainability | N1: Reliability | O1: total
A2: API | B2: 04-01-2026-00-00-00 | C2: v0.0.0 | D2: 0 | E2: 0 | F2: 0 | G2: 1 | H2: 0 | I2: 0 | J2: 0 | K2: 0.33 | L2: 0 | M2: 0.165 | N2: 0 | O2: 0.165
A3: API | B3: 04-10-2026-00-00-00 | C3: v0.0.0 | D3: 0 | E3: 0 | F3: 0 | G3: 1 | H3: 0 | I3: 0 | J3: 0 | K3: 0.33 | L3: 0 | M3: 0.165 | N3: 0 | O3: 0.165
A4: API | B4: 04-27-2026-02-33-15 | C4: v1.0.0 | D4: 3082 | E4: 0.81582278 | F4: 0 | G4: 1 | H4: 0 | I4: 0 | J4: 0.963 | K4: 0.59922152 | L4: 0.4815 | M4: 0.29961076 | N4: 0.24075 | O4: 0.54036076
A6: repository | B6: datetime | C6: version | D6: ncloc | E6: complexity | F6: comments | G6: duplication | H6: test_success | I6: fast_tests | J6: coverage | K6: code_quality | L6: testing_status | M6: Maintainability | N6: Reliability | O6: total
A7: WEB | B7: 04-01-2026-04-01-00 | C7: v0.0.0 | D7: 0 | E7: 0 | F7: 0 | G7: 1 | H7: 0 | I7: 0 | J7: 0 | K7: 0.33 | L7: 0 | M7: 0.165 | N7: 0 | O7: 0.165
A8: WEB | B8: 04-10-2026-00-00-00 | C8: v0.0.0 | D8: 0 | E8: 0 | F8: 0 | G8: 1 | H8: 0 | I8: 0 | J8: 0 | K8: 0.33 | L8: 0 | M8: 0.165 | N8: 0 | O8: 0.165
A9: WEB | B9: 04-27-2026-02-16-43 | C9: v0.0.0 | D9: 2561 | E9: 0.74390244 | F9: 0 | G9: 1 | H9: 0 | I9: 0 | J9: 0.858 | K9: 0.5754878 | L9: 0.429 | M9: 0.2877439 | N9: 0.2145 | O9: 0.5022439
